Algorithm,InputSize,InputType,ExecutionTimeMs,MaxRecursionDepth,Operations
MergeSort,100,Random,0.571700,4,"Comparisons=655; Swaps=0; DistanceCalcs=0"
QuickSort,100,Random,0.930400,4,"Comparisons=1308; Swaps=558; DistanceCalcs=0"
DeterministicSelect,100,Random,0.908900,5,"Comparisons=780; Swaps=264; DistanceCalcs=0"
ClosestPair,100,Random,3.424300,7,"Comparisons=2344; Swaps=0; DistanceCalcs=130"
MergeSort,100,Sorted,0.006400,4,"Comparisons=99; Swaps=0; DistanceCalcs=0"
QuickSort,100,Sorted,0.074900,4,"Comparisons=1150; Swaps=364; DistanceCalcs=0"
DeterministicSelect,100,Sorted,0.022600,6,"Comparisons=632; Swaps=262; DistanceCalcs=0"
ClosestPair,100,Sorted,0.185200,7,"Comparisons=1532; Swaps=0; DistanceCalcs=162"
MergeSort,100,Reverse-sorted,0.025300,4,"Comparisons=731; Swaps=0; DistanceCalcs=0"
QuickSort,100,Reverse-sorted,0.044900,4,"Comparisons=990; Swaps=304; DistanceCalcs=0"
DeterministicSelect,100,Reverse-sorted,0.025100,5,"Comparisons=759; Swaps=256; DistanceCalcs=0"
ClosestPair,100,Reverse-sorted,0.134700,7,"Comparisons=1532; Swaps=0; DistanceCalcs=162"
MergeSort,100,Duplicate-heavy,0.022100,4,"Comparisons=608; Swaps=0; DistanceCalcs=0"
QuickSort,100,Duplicate-heavy,0.017500,3,"Comparisons=517; Swaps=189; DistanceCalcs=0"
DeterministicSelect,100,Duplicate-heavy,0.012100,3,"Comparisons=357; Swaps=124; DistanceCalcs=0"
ClosestPair,100,Duplicate-heavy,0.136100,7,"Comparisons=1856; Swaps=0; DistanceCalcs=113"
MergeSort,1000,Random,0.301100,8,"Comparisons=9583; Swaps=0; DistanceCalcs=0"
QuickSort,1000,Random,0.674500,7,"Comparisons=18163; Swaps=7824; DistanceCalcs=0"
DeterministicSelect,1000,Random,0.269100,9,"Comparisons=9459; Swaps=3294; DistanceCalcs=0"
ClosestPair,1000,Random,1.370900,10,"Comparisons=37968; Swaps=0; DistanceCalcs=1082"
MergeSort,1000,Sorted,0.021700,8,"Comparisons=999; Swaps=0; DistanceCalcs=0"
QuickSort,1000,Sorted,0.089900,6,"Comparisons=17931; Swaps=6292; DistanceCalcs=0"
DeterministicSelect,1000,Sorted,0.076600,8,"Comparisons=6853; Swaps=2947; DistanceCalcs=0"
ClosestPair,1000,Sorted,0.369600,10,"Comparisons=23312; Swaps=0; DistanceCalcs=1510"
MergeSort,1000,Reverse-sorted,0.067300,8,"Comparisons=8163; Swaps=0; DistanceCalcs=0"
QuickSort,1000,Reverse-sorted,0.074900,6,"Comparisons=18213; Swaps=6592; DistanceCalcs=0"
DeterministicSelect,1000,Reverse-sorted,0.071400,9,"Comparisons=9255; Swaps=3196; DistanceCalcs=0"
ClosestPair,1000,Reverse-sorted,0.612800,10,"Comparisons=23312; Swaps=0; DistanceCalcs=1510"
MergeSort,1000,Duplicate-heavy,0.109300,8,"Comparisons=9367; Swaps=0; DistanceCalcs=0"
QuickSort,1000,Duplicate-heavy,0.024600,2,"Comparisons=5385; Swaps=2115; DistanceCalcs=0"
DeterministicSelect,1000,Duplicate-heavy,0.045200,5,"Comparisons=3764; Swaps=1234; DistanceCalcs=0"
ClosestPair,1000,Duplicate-heavy,0.854300,10,"Comparisons=27959; Swaps=0; DistanceCalcs=929"
MergeSort,10000,Random,0.990100,11,"Comparisons=127816; Swaps=0; DistanceCalcs=0"
QuickSort,10000,Random,1.188500,8,"Comparisons=240333; Swaps=110397; DistanceCalcs=0"
DeterministicSelect,10000,Random,0.814200,12,"Comparisons=99193; Swaps=35380; DistanceCalcs=0"
ClosestPair,10000,Random,25.795600,13,"Comparisons=493208; Swaps=0; DistanceCalcs=12335"
MergeSort,10000,Sorted,0.360100,11,"Comparisons=9999; Swaps=0; DistanceCalcs=0"
QuickSort,10000,Sorted,1.362900,8,"Comparisons=249274; Swaps=92558; DistanceCalcs=0"
DeterministicSelect,10000,Sorted,1.155200,12,"Comparisons=72142; Swaps=31104; DistanceCalcs=0"
ClosestPair,10000,Sorted,15.821300,13,"Comparisons=292280; Swaps=0; DistanceCalcs=15902"
MergeSort,10000,Reverse-sorted,1.348100,11,"Comparisons=94671; Swaps=0; DistanceCalcs=0"
QuickSort,10000,Reverse-sorted,0.604700,9,"Comparisons=233081; Swaps=80726; DistanceCalcs=0"
DeterministicSelect,10000,Reverse-sorted,0.523100,12,"Comparisons=99623; Swaps=34914; DistanceCalcs=0"
ClosestPair,10000,Reverse-sorted,13.962200,13,"Comparisons=292280; Swaps=0; DistanceCalcs=15902"
MergeSort,10000,Duplicate-heavy,0.571900,11,"Comparisons=122882; Swaps=0; DistanceCalcs=0"
QuickSort,10000,Duplicate-heavy,0.183100,3,"Comparisons=48823; Swaps=19993; DistanceCalcs=0"
DeterministicSelect,10000,Duplicate-heavy,0.276500,6,"Comparisons=38694; Swaps=12678; DistanceCalcs=0"
ClosestPair,10000,Duplicate-heavy,4.712600,13,"Comparisons=344443; Swaps=0; DistanceCalcs=11133"
MergeSort,50000,Random,4.585400,13,"Comparisons=774287; Swaps=0; DistanceCalcs=0"
QuickSort,50000,Random,5.420600,10,"Comparisons=1402103; Swaps=654082; DistanceCalcs=0"
DeterministicSelect,50000,Random,1.612000,15,"Comparisons=499418; Swaps=177047; DistanceCalcs=0"
ClosestPair,50000,Random,56.446700,16,"Comparisons=2752126; Swaps=0; DistanceCalcs=69167"
MergeSort,50000,Sorted,0.208600,13,"Comparisons=49999; Swaps=0; DistanceCalcs=0"
QuickSort,50000,Sorted,2.856600,9,"Comparisons=1474070; Swaps=511418; DistanceCalcs=0"
DeterministicSelect,50000,Sorted,0.801300,14,"Comparisons=382899; Swaps=163743; DistanceCalcs=0"
ClosestPair,50000,Sorted,12.439100,16,"Comparisons=1658472; Swaps=0; DistanceCalcs=82766"
MergeSort,50000,Reverse-sorted,1.583700,13,"Comparisons=583503; Swaps=0; DistanceCalcs=0"
QuickSort,50000,Reverse-sorted,3.420800,10,"Comparisons=1454052; Swaps=521522; DistanceCalcs=0"
DeterministicSelect,50000,Reverse-sorted,1.160500,15,"Comparisons=503193; Swaps=177048; DistanceCalcs=0"
ClosestPair,50000,Reverse-sorted,6.229300,16,"Comparisons=1658472; Swaps=0; DistanceCalcs=82766"
MergeSort,50000,Duplicate-heavy,2.655700,13,"Comparisons=737078; Swaps=0; DistanceCalcs=0"
QuickSort,50000,Duplicate-heavy,0.705700,2,"Comparisons=345433; Swaps=140067; DistanceCalcs=0"
DeterministicSelect,50000,Duplicate-heavy,0.920900,7,"Comparisons=186146; Swaps=61031; DistanceCalcs=0"
ClosestPair,50000,Duplicate-heavy,39.432200,16,"Comparisons=1916582; Swaps=0; DistanceCalcs=58730"
MergeSort,100000,Random,9.105400,14,"Comparisons=1648407; Swaps=0; DistanceCalcs=0"
QuickSort,100000,Random,12.627400,12,"Comparisons=3101855; Swaps=1472788; DistanceCalcs=0"
DeterministicSelect,100000,Random,3.975600,16,"Comparisons=1023988; Swaps=365342; DistanceCalcs=0"
ClosestPair,100000,Random,113.672000,17,"Comparisons=5816099; Swaps=0; DistanceCalcs=137850"
MergeSort,100000,Sorted,0.296100,14,"Comparisons=99999; Swaps=0; DistanceCalcs=0"
QuickSort,100000,Sorted,7.094000,10,"Comparisons=3320173; Swaps=1226894; DistanceCalcs=0"
DeterministicSelect,100000,Sorted,1.053500,16,"Comparisons=736970; Swaps=317156; DistanceCalcs=0"
ClosestPair,100000,Sorted,14.794000,17,"Comparisons=3516952; Swaps=0; DistanceCalcs=165534"
MergeSort,100000,Reverse-sorted,2.026400,14,"Comparisons=1217007; Swaps=0; DistanceCalcs=0"
QuickSort,100000,Reverse-sorted,5.013200,11,"Comparisons=3318519; Swaps=1254516; DistanceCalcs=0"
DeterministicSelect,100000,Reverse-sorted,1.437200,16,"Comparisons=1015440; Swaps=358020; DistanceCalcs=0"
ClosestPair,100000,Reverse-sorted,17.623400,17,"Comparisons=3516952; Swaps=0; DistanceCalcs=165534"
MergeSort,100000,Duplicate-heavy,3.653200,14,"Comparisons=1569364; Swaps=0; DistanceCalcs=0"
QuickSort,100000,Duplicate-heavy,1.268800,2,"Comparisons=590219; Swaps=229910; DistanceCalcs=0"
DeterministicSelect,100000,Duplicate-heavy,2.577100,8,"Comparisons=381235; Swaps=124358; DistanceCalcs=0"
ClosestPair,100000,Duplicate-heavy,41.991700,17,"Comparisons=4033834; Swaps=0; DistanceCalcs=117624"
MergeSort,500000,Random,41.715900,17,"Comparisons=9486886; Swaps=0; DistanceCalcs=0"
QuickSort,500000,Random,53.109500,12,"Comparisons=18648510; Swaps=9227448; DistanceCalcs=0"
DeterministicSelect,500000,Random,15.600500,18,"Comparisons=5184872; Swaps=1856099; DistanceCalcs=0"
ClosestPair,500000,Random,456.489400,19,"Comparisons=33082232; Swaps=0; DistanceCalcs=556159"
MergeSort,500000,Sorted,0.861400,17,"Comparisons=499999; Swaps=0; DistanceCalcs=0"
QuickSort,500000,Sorted,24.766000,13,"Comparisons=18158671; Swaps=6347342; DistanceCalcs=0"
DeterministicSelect,500000,Sorted,4.917200,18,"Comparisons=3887115; Swaps=1658675; DistanceCalcs=0"
ClosestPair,500000,Sorted,77.686200,19,"Comparisons=20567832; Swaps=0; DistanceCalcs=762142"
MergeSort,500000,Reverse-sorted,10.815200,17,"Comparisons=6875279; Swaps=0; DistanceCalcs=0"
QuickSort,500000,Reverse-sorted,23.902100,12,"Comparisons=17749654; Swaps=6422786; DistanceCalcs=0"
DeterministicSelect,500000,Reverse-sorted,6.522400,18,"Comparisons=5179979; Swaps=1820657; DistanceCalcs=0"
ClosestPair,500000,Reverse-sorted,90.373700,19,"Comparisons=20567832; Swaps=0; DistanceCalcs=762142"
MergeSort,500000,Duplicate-heavy,20.042200,17,"Comparisons=9026649; Swaps=0; DistanceCalcs=0"
QuickSort,500000,Duplicate-heavy,6.626400,2,"Comparisons=2848424; Swaps=1149100; DistanceCalcs=0"
DeterministicSelect,500000,Duplicate-heavy,5.622300,9,"Comparisons=1932878; Swaps=637295; DistanceCalcs=0"
ClosestPair,500000,Duplicate-heavy,190.951600,19,"Comparisons=23082484; Swaps=0; DistanceCalcs=482537"
